<?xml version="1.0" encoding="UTF-8"?>
<project-private xmlns="http://www.netbeans.org/ns/project-private/1">
    <editor-bookmarks xmlns="http://www.netbeans.org/ns/editor-bookmarks/2" lastBookmarkId="0"/>
    <open-files xmlns="http://www.netbeans.org/ns/projectui-open-files/2">
        <group>
            <file>file:/C:/Users/hp/Desktop/TMS%20PROJECT%201/src/tms/project/pkg1/GuideHiringForm.java</file>
            <file>file:/C:/Users/hp/Desktop/TMS%20PROJECT%201/src/tms/project/pkg1/Tour.java</file>
            <file>file:/C:/Users/hp/Desktop/TMS%20PROJECT%201/src/tms/project/pkg1/HotelBookingForm.java</file>
            <file>file:/C:/Users/hp/Desktop/TMS%20PROJECT%201/src/tms/project/pkg1/RegisterJF.java</file>
            <file>file:/C:/Users/hp/Desktop/TMS%20PROJECT%201/src/tms/project/pkg1/HotelBooking.java</file>
            <file>file:/C:/Users/hp/Desktop/TMS%20PROJECT%201/src/tms/project/pkg1/CabBookingForm.java</file>
            <file>file:/C:/Users/hp/Desktop/TMS%20PROJECT%201/src/tms/project/pkg1/Login.java</file>
            <file>file:/C:/Users/hp/Desktop/TMS%20PROJECT%201/src/tms/project/pkg1/User.java</file>
            <file>file:/C:/Users/hp/Desktop/TMS%20PROJECT%201/src/tms/project/pkg1/Overview.java</file>
            <file>file:/C:/Users/hp/Desktop/TMS%20PROJECT%201/src/tms/project/pkg1/ApplicationsJF.java</file>
            <file>file:/C:/Users/hp/Desktop/TMS%20PROJECT%201/src/tms/project/pkg1/CabBooking.java</file>
            <file>file:/C:/Users/hp/Desktop/TMS%20PROJECT%201/src/tms/project/pkg1/OverviewPanel.java</file>
            <file>file:/C:/Users/hp/Desktop/TMS%20PROJECT%201/src/tms/project/pkg1/ServicesJF.java</file>
            <file>file:/C:/Users/hp/Desktop/TMS%20PROJECT%201/src/tms/project/pkg1/AdminLoginForm.java</file>
            <file>file:/C:/Users/hp/Desktop/TMS%20PROJECT%201/src/tms/project/pkg1/HomePanel.java</file>
            <file>file:/C:/Users/hp/Desktop/TMS%20PROJECT%201/src/tms/project/pkg1/DatabaseConnection.java</file>
            <file>file:/C:/Users/hp/Desktop/TMS%20PROJECT%201/src/tms/project/pkg1/prac.java</file>
            <file>file:/C:/Users/hp/Desktop/TMS%20PROJECT%201/src/tms/project/pkg1/AdminPanel.java</file>
            <file>file:/C:/Users/hp/Desktop/TMS%20PROJECT%201/src/tms/project/pkg1/Homes.java</file>
            <file>file:/C:/Users/hp/Desktop/TMS%20PROJECT%201/src/tms/project/pkg1/TMSPROJECT1.java</file>
            <file>file:/C:/Users/hp/Desktop/TMS%20PROJECT%201/src/tms/project/pkg1/GuideHiring.java</file>
        </group>
    </open-files>
</project-private>
